<?xml version="1.0" encoding="UTF-8"?>
<MOML>

	<FUNCTIONLIST>
	
		<FUNCTION id="init">
			<CMD cmd="function.setCoupon(c1,json.toXml(file.read('http://tourcoupon.net/api2/coupon/index.php?access_token=539c27034e34e8.10138749&amp;start=1&amp;type=0')))" />
		</FUNCTION>
	
		<FUNCTION id="setCoupon(setId,cXml)">
			<CMD cmd="device.log(setId)" />
			<CMD cmd="title=xpath.evaluateEx(cXml,'/DATA/data/title/text()')" />
			<CMD cmd="discount=xpath.evaluateEx(cXml,'/DATA/data/discount/text()')" />
			<CMD
				cmd="downloaded=xpath.evaluateEx(cXml,'/DATA/data/downloaded/text()')" />
			<CMD
				cmd="business_name=xpath.evaluateEx(cXml,'/DATA/data/business_name/text()')" />
			<CMD
				cmd="display_name=xpath.evaluateEx(cXml,'/DATA/data/display_name/text()')" />
			<CMD
				cmd="catchprice=xpath.evaluateEx(cXml,'/DATA/data/catchprice/text()')" />
			<CMD cmd="couponImg=xpath.evaluateEx(cXml,'/DATA/data/thumbnail/text()')" />
			<CMD cmd="couponId=xpath.evaluateEx(cXml,'/DATA/data/id/text()')" />
			<CMD cmd="device.log(cXml)" />
			<CMD cmd="userVariable.id=id" />
			<CMD cmd="setId.title.text=title" />
			<CMD cmd="setId.discount.text=discount" />
			<CMD cmd="setId.downloaded.text=downloaded" />
			<CMD cmd="setId.business_name.text=business_name" />
			<CMD cmd="setId.display_name.text=display_name" />
			<CMD cmd="setId.catchprice.text=catchprice_name" />
			<CMD cmd="setId.img.defaultImg='http://tourcoupon.net/api/imgs/thumb/'+couponImg+'?w=195&amp;h=172&amp;t=1'" />
			<CMD cmd="setId.couponId.text=couponId" />
			
		</FUNCTION>
	
	
	
		<FUNCTION id="toHome">
			<FUNCTIONITEM
				cmd="action:go(&apos;root.navigation&apos;,&apos;SerchMain&apos;)" />
		</FUNCTION>
		<FUNCTION id="toSerch">
			<FUNCTIONITEM
				cmd="action:go(&apos;root.navigation&apos;,&apos;SerchDetail&apos;)" />
		</FUNCTION>

		<FUNCTION id="toLocation">

			<FUNCTIONITEM
				cmd="action:go(&apos;root.navigation&apos;,&apos;SerchLocation&apos;)" />
		</FUNCTION>

		<FUNCTION id="toSerch">

			<FUNCTIONITEM
				cmd="action:go(&apos;root.navigation&apos;,&apos;SerchDetail&apos;)" />
		</FUNCTION>

		<FUNCTION id="toSetting">

			<FUNCTIONITEM
				cmd="action:go(&apos;root.navigation&apos;,&apos;Setting&apos;)" />
		</FUNCTION>

		<FUNCTION id="toTreasure">

			<FUNCTIONITEM
				cmd="action:go(&apos;root.navigation&apos;,&apos;TreasureInfo&apos;)" />
		</FUNCTION>
		<FUNCTION id="toUseable">

			<FUNCTIONITEM
				cmd="action:go(&apos;root.navigation&apos;,&apos;Useable&apos;)" />
		</FUNCTION>

	</FUNCTIONLIST>

	<UI>
		<UILAYOUT landscape="1080,1920" portrait="1080,1920">
			<WINDOW defaultImg="embed:/res/pri_18/bg.png" layout="0,120,1080,1920"
				scroll="vertical" scrollBarVisible="true">

				<IMAGE defaultImg="embed:/res/pri_18/gray_box_1.png" layout="40,30,1000,450" />

				<WINDOW layout="40,30,500,450">
					<BUTTON layout="100,30,310,310" defaultImg="embed:/res/pri_18/practicable_on.png" />
					<LABEL fontColor="#ffffff" fontSize="64" layout="0,350,500,auto"
							text="可使用" textAlign='center' />
				</WINDOW>
				<WINDOW layout="540,30,500,450">
					<BUTTON layout="100,30,310,310" defaultImg="embed:/res/pri_18/finish_off.png" />
					<LABEL fontColor="#ffffff" fontSize="64" layout="0,350,500,auto"
							text="已结束" textAlign='center' />
				</WINDOW>
				
				<IMAGE id="c1" layout="40,590,1000,397" defaultImg="embed:/res/pri_18/gray_box_2.png">
					<IMAGE id="img" defaultImg="embed:/res/pri_18/gray_box_2.png" layout="37,40,196,173"/>
					<LABEL id="title" fontColor="#ffffff" fontSize="64" layout="253,40,auto,auto"
							text="" />
					<LABEL id="display_name" fontColor="#ffffff" fontSize="24" layout="253,100,auto,auto"
							text="" />
					<LABEL id="business_name" fontColor="#ffffff" fontSize="24" layout="253,190,auto,auto"
							text="" />		
					<IMAGE layout="680,20,980,152" defaultImg="#ffffff"/>
					<LABEL id="catchprice" fontColor="#ffffff" fontSize="24" layout="460,185,auto,auto" text="" />		
							
				</IMAGE>
				
				
				



			</WINDOW> 

			<WINDOW defaultImg="#ff0000" layout="0,0,1080,120">

				<LABEL fontColor="#ffffff" fontSize="72" layout="0,0,1080,120"
					text="상세검색" textAlign="center" />

				<BUTTON defaultImg="embed:/res/pri/home_button.png" layout="25,15,220,90"
					onClick="{function.toHome}" />

				<BUTTON defaultImg="embed:/res/pri/red_position_off.png"
					layout="815,10,100,100" prossedImg="embed:/res/pri/red_position_on.png"
					onClick="{function.toLocation}" />

				<BUTTON defaultImg="embed:/res/pri/red_search_off.png"
					layout="940,10,100,100" prossedImg="embed:/res/pri/red_search_on.png"
					onClick="{function.toHome}" />
			</WINDOW>

			<WINDOW align="linear:horizontal" defaultImg="#ffffff" layout="0,1750,1080,170">
				<BUTTON defaultImg="embed:/res/pri/gray_search_off.png"
					layout="270,170" onClick="{function.toSerch}" pressedImg="embed:/res/pri/gray_search_on.png" />

				<BUTTON defaultImg="embed:/res/pri/gray_coupon_off.png"
					layout="270,170" pressedImg="embed:/res/pri/gray_coupon_on.png"
					onClick="{function.toUseable}" />

				<BUTTON defaultImg="embed:/res/pri/gray_treasure_off.png"
					layout="270,170" pressedImg="embed:/res/pri/gray_treasure_on.png"
					onClick="{function.toTreasure}" />

				<BUTTON defaultImg="embed:/res/pri/gray_set_off.png" layout="270,170"
					onClick="{function.toSetting}" />
			</WINDOW>
		</UILAYOUT>
	</UI>

</MOML>