<?xml version="1.0" encoding="utf-8"?>
<MOML version="1.0.0">
    
  <THEMES id="themepopup" >
	<THEME id="thspinner" style="comboBox"  layout="180,60"  prompt="SELECT" selected="0" 
	    dataList="/DATA/ITEMLIST/ITEM"  dataValue="./NAME/text()"  />
  </THEMES>
    
    <FUNCTIONLIST>
        
 
	    <FUNCTION id="updateDB(region)">
       		<FUNCTIONITEM condition="{region=='서울'}"  cmd="{spinner2.dataSource='url:./data/spinnerData_seoul.xm'}" />
       		<FUNCTIONITEM condition="{region=='인천'}"  cmd="{spinner2.dataSource='url:./data/spinnerData_incheon.xml'}" />
       		<FUNCTIONITEM condition="{region=='선택'}"  cmd="{spinner2.dataSource=''}" />
       		<FUNCTIONITEM cmd="{device.toastPopup('선택:' +region + ' '}"/>
	    </FUNCTION>
	            
  		<FUNCTION id="changLabel">
  		    <FUNCTIONITEM cmd="{root.region1.text=spinner1.text}" />
            <FUNCTIONITEM cmd="{root.region2.text=spinner2.text}" />
   		    <FUNCTIONITEM cmd="{container.close()}" /> 
		</FUNCTION>
		
	</FUNCTIONLIST>
	
	<UI>
		<UILAYOUT portrait="480,770" theme="themepopup" >
		    <WINDOW layout="0,0,480,770" defaultImg="#5049515d" onClick="{}">
				<POPUP type="window" layout="100,200,280,370" defaultImg="../image/comment_popup.png" 
				    showEffect="slide:150,up" hideEffect="slide:150,down" >  
			    
					<WINDOW id="box" layout="40,10,200,300" align="linear:vertical|center">
					    
							<SPINNER id="spinner1" themeId="thspinner"  dataSource="url:./data/spinnerData_city.xml" 
							    onChange="{function.updateDB(spinner1.text)}" />
	
							<SPINNER id="spinner2" themeId="thspinner"  />
							<BUTTON layout="150,60" text="O K" defaultImg="#55aa66" onClick="{function.changLabel}" />						
					</WINDOW>
				</POPUP>
			</WINDOW>
		</UILAYOUT>
	</UI>
</MOML>	
