<?xml version="1.0" encoding="UTF-8"?>
<MOML>

	<FUNCTIONLIST>
		<FUNCTION id="toHome">
			<FUNCTIONITEM
				cmd="action:go(&apos;root.navigation&apos;,&apos;SerchMain&apos;)" />
		</FUNCTION>
		<FUNCTION id="toSerch">
			<FUNCTIONITEM
				cmd="action:go(&apos;root.navigation&apos;,&apos;SerchDetail&apos;)" />
		</FUNCTION>

		<FUNCTION id="toLocation">

			<FUNCTIONITEM
				cmd="action:go(&apos;root.navigation&apos;,&apos;SerchLocation&apos;)" />

		</FUNCTION>
	</FUNCTIONLIST>

	<UI>
		<UILAYOUT landscape="1080,1920" portrait="1080,1920">
			<WINDOW align="relative" defaultImg="embed:/res/pri_17/bg.png"
				layout="0,0,1080,1920">
				<IMAGE align="relative" defaultImg="embed:/res/pri_17/gray_box_arrow.png"
					layout="40,155,1000,200">
					<IMAGE defaultImg="#ff0000" layout="20,20,160,140" />

					<LABEL fontColor="#ffffff" fontSize="72" layout="0,-30,1000,250"
						text="乐天免税店" textAlign="center" />
					<LABEL fontColor="#ffffff" fontSize="64" layout="240,-30,1000,250"
						text="(总店)" textAlign="center" />
				</IMAGE>

				<WINDOW align="linear:horizontal" layout="40,365,1000,50">
					<IMAGE defaultImg="embed:/res/pri_17/star_on.png" layout="42,40"
						margin="0,0,20,0" />
					<IMAGE defaultImg="embed:/res/pri_17/star_on.png" layout="42,40"
						margin="0,0,20,0" />
					<IMAGE defaultImg="embed:/res/pri_17/star_on.png" layout="42,40"
						margin="0,0,20,0" />
					<IMAGE defaultImg="embed:/res/pri_17/star_on.png" layout="42,40"
						margin="0,0,20,0" />
					<IMAGE defaultImg="embed:/res/pri_17/star_off.png" layout="42,40"
						margin="0,0,20,0" />

					<LABEL fontColor="#ffffff" fontSize="30" layout="600,40"
						text="(100名 / 9.32分)" />
					<LABEL fontColor="#ffffff" fontSize="30" layout="100,40"
						text="免税店" />
				</WINDOW>

				<IMAGE defaultImg="embed:/res/pri_17/dotted_line.png" layout="47,530,985,4" />

				<WINDOW align="relative" defaultImg="embed:/res/pri_17/gray_box_big.png"
					layout="0,535,1080,1380">
					<WINDOW align="relative" layout="0,0,1080,1380" scroll="vertical">
						<IMAGE defaultImg="#ff0000" layout="0,0,1080,500" />
						<IMAGE defaultImg="ffffff" layout="0,500,1080,500" />
						<IMAGE defaultImg="#ff0000" layout="0,1000,1080,500" />
					</WINDOW>

					<IMAGE defaultImg="embed:/res/pri_17/dot.png" layout="480,1300,96,21" />
				</WINDOW>
				<WINDOW align="linear:horizontal" layout="40,440,1000,50">
					<LABEL fontColor="#ffffff" fontSize="50" layout="770,50"
						text="韩国品牌影响力第一免税店" />
					<LABEL fontColor="#ff0000" fontSize="50" layout="320,50"
						text="最高 10%折扣" />
				</WINDOW>
				<WINDOW defaultImg="#ff0000" layout="0,0,1080,120">
					<LABEL fontColor="#ffffff" fontSize="72" layout="0,0,1080,120"
						text="查看评论" textAlign="center" />

					<BUTTON defaultImg="embed:/res/pri/home_button.png" layout="25,15,220,90"
						onClick="{function.toHome}" />
					<BUTTON defaultImg="embed:/res/pri/red_position_off.png"
						layout="815,10,100,100" prossedImg="embed:/res/pri/red_position_on.png" onClick="{function.toLocation}"/>
					<BUTTON defaultImg="embed:/res/pri/red_search_off.png"
						layout="940,10,100,100" onClick="{function.toSerch}" prossedImg="embed:/res/pri/red_search_on.png" />
				</WINDOW>
			</WINDOW>
		</UILAYOUT>
	</UI>

</MOML>