<?xml version="1.0" encoding="UTF-8"?>
<MOML>


	<UI>
		<UILAYOUT portrait="1080,1920" landscape="1080,1920">
			<WINDOW align="relative">
				<IMAGE layout="0,0,1080,1920" defaultImg="embed:/res/pri_1/bg.png" />
				<IMAGE layout="200,430,700,530" defaultImg="embed:/res/pri_1/logo.png" />

			</WINDOW>
		</UILAYOUT>
	</UI>

	<FUNCTIONCALL condition="saveVariable.access==''"
		cmd="action:go('root.navigation','Regist_1')" elseCmd="action:go('root.navigation','SerchMain')"
		delay="2000" />

</MOML>