<?xml version="1.0" encoding="utf-8"?>
<MOML>

  <THEMES id="themespinner" >
	<THEME id="thcommon"  defaultImg="#cccccc" layout="150,60"  pressedImg="#000000" fontColor="#55aa66" textAlign="center" fontSize="21" margin="5,10,10,10" />
  </THEMES>

    <FUNCTIONLIST>

  		<FUNCTION id="selectRegion">
   		    <FUNCTIONITEM cmd="url:popupSpinner.xml" target="root.new" />
		</FUNCTION>
		        
    </FUNCTIONLIST>
   
    <UI>
        <UILAYOUT portrait="480,770" theme="themespinner" >
            <LABEL id="logintitle" themeId="thcommon" layout="0,0,480,70" defaultImg="#000000" text="PopUp Spinner" />
 
	        <WINDOW layout="0,70,480,630" align="linear:horizental|hFill" defaultImg="#ffffff" >
			    <BUTTON id="btn1" themeId="thcommon" layout="100,60" text="SELECT" onClick="{function.selectRegion}"/>   	
	            <LABEL id="region1" themeId="thcommon" text="region1" />
	            <LABEL id="region2" themeId="thcommon" text="region2" />            		        		        
	        </WINDOW> 	        
        </UILAYOUT>
    </UI>
</MOML>