<?xml version="1.0" encoding="UTF-8"?>
<MOML>

    <FUNCTIONLIST>

        <FUNCTION id="toHome" >

            <FUNCTIONITEM cmd="action:go(&apos;root.navigation&apos;,&apos;SerchMain&apos;)" />
        </FUNCTION>

        <FUNCTION id="toSerch" >

            <FUNCTIONITEM cmd="action:go(&apos;root.navigation&apos;,&apos;SerchDetail&apos;)" />
        </FUNCTION>

        <FUNCTION id="toLocation" >

            <FUNCTIONITEM cmd="action:go(&apos;root.navigation&apos;,&apos;SerchLocation&apos;)" />
        </FUNCTION>
    </FUNCTIONLIST>

    <UI>

        <UILAYOUT
            landscape="1080,1920"
            portrait="1080,1920" >

            <WINDOW
                align="relative"
                defaultImg="embed:/res/pri_12/bg.png"
                layout="0,0,1080,1920" >

                <IMAGE
                    defaultImg="embed:/res/pri_12/gray_box_arrow.png"
                    layout="40,230,1000,201" />

                <IMAGE
                    defaultImg="embed:/res/pri_12/dotted_line.png"
                    layout="47,590,985,4" />

                <IMAGE
                    defaultImg="embed:/res/pri_12/line.png"
                    layout="45,760,990,4" />

                <IMAGE
                    defaultImg="embed:/res/pri_12/dotted_line.png"
                    layout="47,1790,985,4" />

                <WINDOW
                    defaultImg="#ff0000"
                    layout="0,0,1080,120" >

                    <LABEL
                        fontColor="#ffffff"
                        fontSize="72"
                        layout="0,0,1080,120"
                        text="사진정보"
                        textAlign="center" />

                    <BUTTON
                        defaultImg="embed:/res/pri/home_button.png"
                        layout="25,15,220,90"
                        onClick="{function.toHome}" />

                    <BUTTON
                        defaultImg="embed:/res/pri/red_position_off.png"
                        layout="815,10,100,100"
                        prossedImg="embed:/res/pri/red_position_on.png" 
                        onClick="{function.toLocation}"/>

                    <BUTTON
                        defaultImg="embed:/res/pri/red_search_off.png"
                        layout="940,10,100,100"
                        onClick="{function.toSerch}"
                        prossedImg="embed:/res/pri/red_search_on.png" />
                </WINDOW>
            </WINDOW>
        </UILAYOUT>
    </UI>

</MOML>