  <?xml version="1.0" encoding="UTF-8" ?> 
<DATA>
<ITEMLIST>

	<ITEM>
		<NAME>모두선택</NAME>
  	</ITEM>
  	<ITEM>
		<NAME>상가점포</NAME>
  	</ITEM>
  	<ITEM>
		<NAME>상가건물</NAME>
  	</ITEM>
  	<ITEM>
		<NAME>아파트</NAME>
  	</ITEM>
  	<ITEM>
		<NAME>빌라/연립</NAME>
  	</ITEM>
  	<ITEM>
		<NAME>원룸/투룸</NAME>
  	</ITEM>
  	<ITEM>
		<NAME>단독/다가구</NAME>
  	</ITEM>
  	<ITEM>
		<NAME>전원주택</NAME>
  	</ITEM>
  	<ITEM>
		<NAME>학원/독서실</NAME>
  	</ITEM>
  	<ITEM>
		<NAME>어린이집</NAME>
  	</ITEM>
  	<ITEM>
		<NAME>오피스텔/사무실</NAME>
  	</ITEM>
  	<ITEM>
		<NAME>빌딩</NAME>
  	</ITEM>
  	<ITEM>
		<NAME>창고/공장</NAME>
  	</ITEM>
  	<ITEM>
		<NAME>대지</NAME>
  	</ITEM>
  	<ITEM>
		<NAME>임야</NAME>
  	</ITEM>
  	<ITEM>
		<NAME>도로</NAME>
  	</ITEM>
	
  </ITEMLIST>
</DATA>