  <?xml version="1.0" encoding="UTF-8" ?> 
<DATA>
<ITEMLIST>
	<ITEM>
		<NAME>모두선택</NAME>
  	</ITEM>    
	<ITEM>
		<NAME>고창군</NAME>
  	</ITEM>
	<ITEM>
		<NAME>군산시</NAME>
  	</ITEM>
	<ITEM>
		<NAME>김제시</NAME>
  	</ITEM>
	<ITEM>
		<NAME>남원시</NAME>
  	</ITEM>
	<ITEM>
		<NAME>무주군</NAME>
  	</ITEM>
	<ITEM>
		<NAME>부안군</NAME>
  	</ITEM>
	<ITEM>
		<NAME>순창군</NAME>
  	</ITEM>
	<ITEM>
		<NAME>완주군</NAME>
  	</ITEM>
	<ITEM>
		<NAME>익산시</NAME>
  	</ITEM>	
	<ITEM>
		<NAME>임실군</NAME>
  	</ITEM>	
	<ITEM>
		<NAME>장수군</NAME>
  	</ITEM>	
	<ITEM>
		<NAME>전주시 덕진구</NAME>
  	</ITEM>	
	<ITEM>
		<NAME>전주시 완산구</NAME>
  	</ITEM>	
	<ITEM>
		<NAME>정읍시</NAME>
  	</ITEM>	
	<ITEM>
		<NAME>진안군</NAME>
  	</ITEM>
	
  </ITEMLIST>
</DATA>