  <?xml version="1.0" encoding="UTF-8" ?> 
<DATA>
<ITEMLIST>
	<ITEM>
		<NAME>모두선택</NAME>
  	</ITEM>    
	<ITEM>
		<NAME>경산시</NAME>
  	</ITEM>
	<ITEM>
		<NAME>경주시</NAME>
  	</ITEM>
	<ITEM>
		<NAME>고령군</NAME>
  	</ITEM>
	<ITEM>
		<NAME>구미시</NAME>
  	</ITEM>
	<ITEM>
		<NAME>군위군</NAME>
  	</ITEM>
	<ITEM>
		<NAME>김천시</NAME>
  	</ITEM>
	<ITEM>
		<NAME>문경시</NAME>
  	</ITEM>
	<ITEM>
		<NAME>봉화군</NAME>
  	</ITEM>
	<ITEM>
		<NAME>상주시</NAME>
  	</ITEM>	
	<ITEM>
		<NAME>성주군</NAME>
  	</ITEM>	
	<ITEM>
		<NAME>안동시</NAME>
  	</ITEM>	
	<ITEM>
		<NAME>영덕군</NAME>
  	</ITEM>	
	<ITEM>
		<NAME>영양군</NAME>
  	</ITEM>	
	<ITEM>
		<NAME>영주시</NAME>
  	</ITEM>	
	<ITEM>
		<NAME>영천시</NAME>
  	</ITEM>
	<ITEM>
		<NAME>예천군</NAME>
  	</ITEM>
	<ITEM>
		<NAME>울릉군</NAME>
  	</ITEM>
	<ITEM>
		<NAME>울진군</NAME>
  	</ITEM>
	<ITEM>
		<NAME>의성군</NAME>
  	</ITEM>
	<ITEM>
		<NAME>청도군</NAME>
  	</ITEM>
	<ITEM>
		<NAME>청송군</NAME>
  	</ITEM>
	<ITEM>
		<NAME>칠곡군</NAME>
  	</ITEM>
	<ITEM>
		<NAME>포항시 남구</NAME>
  	</ITEM>
	<ITEM>
		<NAME>포항시 북구</NAME>
  	</ITEM>
</ITEMLIST>
</DATA>