<?xml version="1.0" encoding="UTF-8" ?> 
<DATA>
<ITEMLIST>
    <ITEM>
		<DAY>1</DAY>
  	</ITEM>
	<ITEM>
		<DAY>2</DAY>
  	</ITEM>
	<ITEM>
		<DAY>3</DAY>
  	</ITEM>
	<ITEM>
		<DAY>4</DAY>
  	</ITEM>
	<ITEM>
		<DAY>5</DAY>
  	</ITEM>
	<ITEM>
		<DAY>6</DAY>
  	</ITEM>
	<ITEM>
		<DAY>7</DAY>
  	</ITEM>
	<ITEM>
		<DAY>8</DAY>
  	</ITEM>
	<ITEM>
		<DAY>9</DAY>
  	</ITEM>
	<ITEM>
		<DAY>10</DAY>
  	</ITEM>	
    <ITEM>
		<DAY>11</DAY>
  	</ITEM>
	<ITEM>
		<DAY>12</DAY>
  	</ITEM>
	<ITEM>
		<DAY>13</DAY>
  	</ITEM>
	<ITEM>
		<DAY>14</DAY>
  	</ITEM>
	<ITEM>
		<DAY>15</DAY>
  	</ITEM>
	<ITEM>
		<DAY>16</DAY>
  	</ITEM>
	<ITEM>
		<DAY>17</DAY>
  	</ITEM>
	<ITEM>
		<DAY>18</DAY>
  	</ITEM>
	<ITEM>
		<DAY>19</DAY>
  	</ITEM>
	<ITEM>
		<DAY>20</DAY>
  	</ITEM>	
  	<ITEM>
		<DAY>21</DAY>
  	</ITEM>
	<ITEM>
		<DAY>22</DAY>
  	</ITEM>
	<ITEM>
		<DAY>23</DAY>
  	</ITEM>
	<ITEM>
		<DAY>24</DAY>
  	</ITEM>
	<ITEM>
		<DAY>25</DAY>
  	</ITEM>
	<ITEM>
		<DAY>26</DAY>
  	</ITEM>
	<ITEM>
		<DAY>27</DAY>
  	</ITEM>
	<ITEM>
		<DAY>28</DAY>
  	</ITEM>
	<ITEM>
		<DAY>29</DAY>
  	</ITEM>
	<ITEM>
		<DAY>30</DAY>
  	</ITEM>	
	<ITEM>
		<DAY>31</DAY>
  	</ITEM>	  	
  </ITEMLIST>
</DATA>