  <?xml version="1.0" encoding="UTF-8" ?> 
<DATA>
<ITEMLIST>
	<ITEM>
		<NAME>모두선택</NAME>
  	</ITEM>    
	<ITEM>
		<NAME>강진군</NAME>
  	</ITEM>
	<ITEM>
		<NAME>고흥군</NAME>
  	</ITEM>
	<ITEM>
		<NAME>곡성군</NAME>
  	</ITEM>
	<ITEM>
		<NAME>광양시</NAME>
  	</ITEM>
	<ITEM>
		<NAME>구례군</NAME>
  	</ITEM>
	<ITEM>
		<NAME>나주시</NAME>
  	</ITEM>
	<ITEM>
		<NAME>담양군</NAME>
  	</ITEM>
	<ITEM>
		<NAME>목포시</NAME>
  	</ITEM>
	<ITEM>
		<NAME>무안군</NAME>
  	</ITEM>	
	<ITEM>
		<NAME>보성군</NAME>
  	</ITEM>	
	<ITEM>
		<NAME>순천시</NAME>
  	</ITEM>	
	<ITEM>
		<NAME>신안군</NAME>
  	</ITEM>	
	<ITEM>
		<NAME>여수시</NAME>
  	</ITEM>	
	<ITEM>
		<NAME>영광군</NAME>
  	</ITEM>	
	<ITEM>
		<NAME>영암군</NAME>
  	</ITEM>
	<ITEM>
		<NAME>완도군</NAME>
  	</ITEM>
	<ITEM>
		<NAME>장성군</NAME>
  	</ITEM>
	<ITEM>
		<NAME>장흥군</NAME>
  	</ITEM>
	<ITEM>
		<NAME>진도군</NAME>
  	</ITEM>
	<ITEM>
		<NAME>함평군</NAME>
  	</ITEM>
	<ITEM>
		<NAME>해남군</NAME>
  	</ITEM>
	<ITEM>
		<NAME>화순군</NAME>
  	</ITEM>

  </ITEMLIST>
</DATA>