  <?xml version="1.0" encoding="UTF-8" ?> 
<DATA>
<ITEMLIST>
	<ITEM>
		<NAME>모두선택</NAME>
  	</ITEM>    
	<ITEM>
		<NAME>강남구</NAME>
  	</ITEM>
	<ITEM>
		<NAME>강동구</NAME>
  	</ITEM>
	<ITEM>
		<NAME>강북구</NAME>
  	</ITEM>
	<ITEM>
		<NAME>관악구</NAME>
  	</ITEM>
	<ITEM>
		<NAME>광진구</NAME>
  	</ITEM>
	<ITEM>
		<NAME>구로구</NAME>
  	</ITEM>
	<ITEM>
		<NAME>금천구</NAME>
  	</ITEM>
	<ITEM>
		<NAME>노원구</NAME>
  	</ITEM>
	<ITEM>
		<NAME>도봉구</NAME>
  	</ITEM>	
	<ITEM>
		<NAME>동대문구</NAME>
  	</ITEM>	
	<ITEM>
		<NAME>동작구</NAME>
  	</ITEM>	
	<ITEM>
		<NAME>마포구</NAME>
  	</ITEM>	
	<ITEM>
		<NAME>서대문구</NAME>
  	</ITEM>	
	<ITEM>
		<NAME>서초구</NAME>
  	</ITEM>	
	<ITEM>
		<NAME>성동구</NAME>
  	</ITEM>
	<ITEM>
		<NAME>성북구</NAME>
  	</ITEM>
	<ITEM>
		<NAME>송파구</NAME>
  	</ITEM>
	<ITEM>
		<NAME>양천구</NAME>
  	</ITEM>
	<ITEM>
		<NAME>영등포구</NAME>
  	</ITEM>
	<ITEM>
		<NAME>용산구</NAME>
  	</ITEM>
	<ITEM>
		<NAME>은평구</NAME>
  	</ITEM>
	<ITEM>
		<NAME>종로구</NAME>
  	</ITEM>
	<ITEM>
		<NAME>중랑구</NAME>
  	</ITEM>



  
  
  </ITEMLIST>
</DATA>