  <?xml version="1.0" encoding="UTF-8" ?> 
<DATA>
<ITEMLIST>
	<ITEM>
		<NAME>모두선택</NAME>
  	</ITEM>    
	<ITEM>
		<NAME>거제시</NAME>
  	</ITEM>
	<ITEM>
		<NAME>거창군</NAME>
  	</ITEM>
	<ITEM>
		<NAME>김해시</NAME>
  	</ITEM>
	<ITEM>
		<NAME>남해군</NAME>
  	</ITEM>
	<ITEM>
		<NAME>밀양시</NAME>
  	</ITEM>
	<ITEM>
		<NAME>사천시</NAME>
  	</ITEM>
	<ITEM>
		<NAME>산청군</NAME>
  	</ITEM>
	<ITEM>
		<NAME>양산시</NAME>
  	</ITEM>
	<ITEM>
		<NAME>의령군</NAME>
  	</ITEM>	
	<ITEM>
		<NAME>진주시</NAME>
  	</ITEM>	
	<ITEM>
		<NAME>창녕군</NAME>
  	</ITEM>	
	<ITEM>
		<NAME>창원시 마산합포구</NAME>
  	</ITEM>	
	<ITEM>
		<NAME>창원시 마산회원구</NAME>
  	</ITEM>	
	<ITEM>
		<NAME>창원시 의창구</NAME>
  	</ITEM>	
	<ITEM>
		<NAME>창원시 진해구</NAME>
  	</ITEM>
	<ITEM>
		<NAME>통영시</NAME>
  	</ITEM>
	<ITEM>
		<NAME>하동군</NAME>
  	</ITEM>
	<ITEM>
		<NAME>함안군</NAME>
  	</ITEM>
	<ITEM>
		<NAME>함양군</NAME>
  	</ITEM>
	<ITEM>
		<NAME>합천군</NAME>
  	</ITEM>
	
  </ITEMLIST>
</DATA>