  <?xml version="1.0" encoding="UTF-8" ?> 
<DATA>
<ITEMLIST>
	<ITEM>
		<NAME>모두선택</NAME>
  	</ITEM>    
	<ITEM>
		<NAME>강릉시</NAME>
  	</ITEM>
	<ITEM>
		<NAME>고성군</NAME>
  	</ITEM>
	<ITEM>
		<NAME>동해시</NAME>
  	</ITEM>
	<ITEM>
		<NAME>삼척시</NAME>
  	</ITEM>
	<ITEM>
		<NAME>속초시</NAME>
  	</ITEM>
	<ITEM>
		<NAME>양구군</NAME>
  	</ITEM>
	<ITEM>
		<NAME>양양군</NAME>
  	</ITEM>
	<ITEM>
		<NAME>영월군</NAME>
  	</ITEM>
	<ITEM>
		<NAME>원주시</NAME>
  	</ITEM>	
	<ITEM>
		<NAME>인제군</NAME>
  	</ITEM>	
	<ITEM>
		<NAME>정선군</NAME>
  	</ITEM>	
	<ITEM>
		<NAME>철원군</NAME>
  	</ITEM>	
	<ITEM>
		<NAME>춘천시</NAME>
  	</ITEM>	
	<ITEM>
		<NAME>태백시</NAME>
  	</ITEM>	
	<ITEM>
		<NAME>평창군</NAME>
  	</ITEM>
	<ITEM>
		<NAME>홍천군</NAME>
  	</ITEM>
	<ITEM>
		<NAME>화천군</NAME>
  	</ITEM>
	<ITEM>
		<NAME>횡성군</NAME>
  	</ITEM>
	
  </ITEMLIST>
</DATA>