  <?xml version="1.0" encoding="UTF-8" ?> 
<DATA>
<ITEMLIST>
	<ITEM>
		<NAME>모두선택</NAME>
  	</ITEM>    
	<ITEM>
		<NAME>가평군</NAME>
  	</ITEM>
	<ITEM>
		<NAME>고양시 덕양구</NAME>
  	</ITEM>
	<ITEM>
		<NAME>고양시 일산서구</NAME>
  	</ITEM>
	<ITEM>
		<NAME>과천시</NAME>
  	</ITEM>
	<ITEM>
		<NAME>광명시</NAME>
  	</ITEM>
	<ITEM>
		<NAME>광주시</NAME>
  	</ITEM>
	<ITEM>
		<NAME>구리시</NAME>
  	</ITEM>
	<ITEM>
		<NAME>군포시</NAME>
  	</ITEM>
	<ITEM>
		<NAME>김포시</NAME>
  	</ITEM>	
	<ITEM>
		<NAME>남양주시</NAME>
  	</ITEM>	
	<ITEM>
		<NAME>동두천시</NAME>
  	</ITEM>	
	<ITEM>
		<NAME>부천시 소사구</NAME>
  	</ITEM>	
	<ITEM>
		<NAME>부천시 오정구</NAME>
  	</ITEM>	
	<ITEM>
		<NAME>부천시 원미구</NAME>
  	</ITEM>	
	<ITEM>
		<NAME>성남시 분당구</NAME>
  	</ITEM>
	<ITEM>
		<NAME>성남시 수정구</NAME>
  	</ITEM>
	<ITEM>
		<NAME>성남시 중원구</NAME>
  	</ITEM>
	<ITEM>
		<NAME>수원시 권선구</NAME>
  	</ITEM>
	<ITEM>
		<NAME>수원시 영통구</NAME>
  	</ITEM>
	<ITEM>
		<NAME>수원시 장안구</NAME>
  	</ITEM>
	<ITEM>
		<NAME>수원시 팔달구</NAME>
  	</ITEM>
	<ITEM>
		<NAME>시흥시</NAME>
  	</ITEM>
	<ITEM>
		<NAME>안산시 단원구</NAME>
  	</ITEM>
	<ITEM>
		<NAME>안산시 상록구</NAME>
  	</ITEM>
	<ITEM>
		<NAME>안성시</NAME>
  	</ITEM>
	<ITEM>
		<NAME>안양시 동안구</NAME>
  	</ITEM>
	<ITEM>
		<NAME>안양시 만안구</NAME>
  	</ITEM>
	<ITEM>
		<NAME>양주시</NAME>
  	</ITEM>
	<ITEM>
		<NAME>양평군</NAME>
  	</ITEM>
	<ITEM>
		<NAME>여주군</NAME>
  	</ITEM>
	<ITEM>
		<NAME>연천군</NAME>
  	</ITEM>
	<ITEM>
		<NAME>오산시</NAME>
  	</ITEM>
	<ITEM>
		<NAME>용인시 처인구</NAME>
  	</ITEM>
	<ITEM>
		<NAME>의왕시</NAME>
  	</ITEM>
	<ITEM>
		<NAME>의정부시</NAME>
  	</ITEM>

	<ITEM>
		<NAME>이천시</NAME>
  	</ITEM>
	<ITEM>
		<NAME>파주시</NAME>
  	</ITEM>
	<ITEM>
		<NAME>평택시</NAME>
  	</ITEM>
	<ITEM>
		<NAME>포천시</NAME>
  	</ITEM>
	<ITEM>
		<NAME>하남시</NAME>
  	</ITEM>
	<ITEM>
		<NAME>화성시</NAME>
  	</ITEM>
  </ITEMLIST>
</DATA>