  <?xml version="1.0" encoding="UTF-8" ?> 
<DATA>
<ITEMLIST>
	<ITEM>
		<NAME>모두선택</NAME>
  	</ITEM>    
	<ITEM>
		<NAME>강서구</NAME>
  	</ITEM>
	<ITEM>
		<NAME>금정구</NAME>
  	</ITEM>
	<ITEM>
		<NAME>기장군</NAME>
  	</ITEM>
	<ITEM>
		<NAME>동래구</NAME>
  	</ITEM>
	<ITEM>
		<NAME>부산진구</NAME>
  	</ITEM>
	<ITEM>
		<NAME>사상구</NAME>
  	</ITEM>
	<ITEM>
		<NAME>사하구</NAME>
  	</ITEM>
	<ITEM>
		<NAME>수영구</NAME>
  	</ITEM>
	<ITEM>
		<NAME>연제구</NAME>
  	</ITEM>	
	<ITEM>
		<NAME>영도구</NAME>
  	</ITEM>	
	<ITEM>
		<NAME>해운대구</NAME>
  	</ITEM>	

  </ITEMLIST>
</DATA>