<?xml version="1.0" encoding="UTF-8"?>
<MOML>
	<!--<MOML version="1.1.5" xmlns:xsi=http://www.w3.org/2001/XMLSchema-instance 
		xsi:noNamespaceSchemaLocation="http://www.applusform.com/xsd/moml_ui.xsd"> -->


	<FUNCTIONLIST>

		<FUNCTION id="init">
			<CMD
				cmd="function.setCoupon(c1,json.toXml(file.read('http://www.tourcoupon.net/api/coupon?access_token=539c27034e34e8.10138749&amp;limit=1&amp;start=1')))" />
			<CMD
				cmd="function.setCoupon(c2,json.toXml(file.read('http://www.tourcoupon.net/api/coupon?access_token=539c27034e34e8.10138749&amp;limit=1&amp;start=2')))" />
			<CMD cmd="function.setCoupon(c3,json.toXml(file.read('http://www.tourcoupon.net/api/coupon?access_token=539c27034e34e8.10138749&amp;limit=1&amp;start=3')))" />
			<CMD
				cmd="function.setCoupon(c4,json.toXml(file.read('http://www.tourcoupon.net/api/coupon?access_token=539c27034e34e8.10138749&amp;limit=1&amp;start=4')))" />
			<CMD
				cmd="function.setCoupon(c5,json.toXml(file.read('http://www.tourcoupon.net/api/coupon?access_token=539c27034e34e8.10138749&amp;limit=1&amp;start=5')))" />
			<CMD
				cmd="function.setCoupon(c6,json.toXml(file.read('http://www.tourcoupon.net/api/coupon?access_token=539c27034e34e8.10138749&amp;limit=1&amp;start=6')))" />
			
			<CMD cmd="device.log(file.read('http://www.tourcoupon.net/api2/coupon/index.php?access_token=53938b7b964f18.19871002'))"/>
		</FUNCTION>

		<FUNCTION id="setCoupon(setId,cXml)">
			<CMD cmd="device.log(setId)" />
			<CMD cmd="title=xpath.evaluateEx(cXml,'/DATA/data/title/text()')" />
			<CMD cmd="discount=xpath.evaluateEx(cXml,'/DATA/data/discount/text()')" />
			<CMD
				cmd="downloaded=xpath.evaluateEx(cXml,'/DATA/data/downloaded/text()')" />
			<CMD
				cmd="business_name=xpath.evaluateEx(cXml,'/DATA/data/business_name/text()')" />
			<CMD
				cmd="display_name=xpath.evaluateEx(cXml,'/DATA/data/display_name/text()')" />
			<CMD
				cmd="catchprice=xpath.evaluateEx(cXml,'/DATA/data/catchprice/text()')" />
			<CMD cmd="couponImg=xpath.evaluateEx(cXml,'/DATA/data/thumbnail/text()')" />
			<CMD cmd="couponId=xpath.evaluateEx(cXml,'/DATA/data/id/text()')" />
			<CMD cmd="device.log(cXml)" />
			<CMD cmd="userVariable.id=id" />
			<CMD cmd="setId.title.text=title" />
			<CMD cmd="setId.discount.text=discount" />
			<CMD cmd="setId.downloaded.text=downloaded" />
			<CMD cmd="setId.business_name.text=business_name" />
			<CMD cmd="setId.display_name.text=display_name" />
			<CMD cmd="setId.catchprice.text=catchprice_name" />
			<CMD cmd="setId.img.defaultImg='http://tourcoupon.net/api/imgs/thumb/'+couponImg+'?w=195&amp;h=172&amp;t=1'" />
			<CMD cmd="setId.couponId.text=couponId" />
			
		</FUNCTION>








		<FUNCTION id="func1">

			<FUNCTIONITEM
				cmd="action:go(&apos;root.navigation&apos;,&apos;Loading&apos;)" />
		</FUNCTION>

		<FUNCTION id="toJob">

			<FUNCTIONITEM
				cmd="action:go(&apos;root.navigation&apos;,&apos;SerchJob&apos;)" />
		</FUNCTION>

		<FUNCTION id="toPopularity">

			<FUNCTIONITEM
				cmd="action:go(&apos;root.navigation&apos;,&apos;SerchPopularity&apos;)" />
		</FUNCTION>

		<FUNCTION id="toDetail">

			<FUNCTIONITEM
				cmd="action:go(&apos;root.navigation&apos;,&apos;SerchJob&apos;)" />
		</FUNCTION>

		<FUNCTION id="toLocation">

			<FUNCTIONITEM
				cmd="action:go(&apos;root.navigation&apos;,&apos;SerchLocation&apos;)" />
		</FUNCTION>

		<FUNCTION id="toRecommend">

			<FUNCTIONITEM
				cmd="action:go(&apos;root.navigation&apos;,&apos;SerchRecommend&apos;)" />
		</FUNCTION>

		<FUNCTION id="toSerch">

			<FUNCTIONITEM
				cmd="action:go(&apos;root.navigation&apos;,&apos;SerchDetail&apos;)" />
		</FUNCTION>

		<FUNCTION id="toSetting">

			<FUNCTIONITEM
				cmd="action:go(&apos;root.navigation&apos;,&apos;Setting&apos;)" />
		</FUNCTION>

		<FUNCTION id="toTreasure">

			<FUNCTIONITEM
				cmd="action:go(&apos;root.navigation&apos;,&apos;Treasure&apos;)" />
		</FUNCTION>
		<FUNCTION id="toUseable">

			<FUNCTIONITEM
				cmd="action:go(&apos;root.navigation&apos;,&apos;Useable&apos;)" />
		</FUNCTION>

		<FUNCTION id="toInfo(_id)">
			<CMD cmd="userVariable.couponId=_id.couponId.text" />
			<CMD cmd="action:go(&apos;root.navigation&apos;,&apos;Info&apos;)" />
		</FUNCTION>
	</FUNCTIONLIST>


	<CMD cmd="{function.init}" />

	<UI>

		<UILAYOUT landscape="1080,1920" portrait="1080,1920">




			<WINDOW align="relative" layout="0,0,1080,1920">

				<WINDOW defaultImg="embed:/res/pri_6/bg.png" layout="0,0,1080,1920"
					scroll="vertical" scrollBarVisible="true">

					<IMAGE defaultImg="embed:/res/pri_6/gray_box_1.png" layout="40,230,1000,727" />

					<WINDOW onClick="{function.toJob}" layout="40,230,500,363">

						<BUTTON onClick="{function.toJob}" defaultImg="embed:/res/pri_6/business_off.png"
							layout="115,25,250,250" pressedImg="embed:/res/pri_6/business_on.png" />

						<LABEL fontColor="#ffffff" fontSize="64" layout="0,290,500,auto"
							text="按行业搜索" textAlign='center' />
					</WINDOW>

					<WINDOW layout="540,230,500,363" onClick="{function.toLocation}">

						<BUTTON onClick="{function.toLocation}" defaultImg="embed:/res/pri_6/position_off.png"
							layout="115,25,250,250" pressedImg="embed:/res/pri_6/position_on.png" />
						<LABEL fontColor="#ffffff" fontSize="64" layout="0,290,500,auto"
							text="按位置搜索" textAlign='center' />
					</WINDOW>


					<WINDOW layout="40,594,500,363" onClick="{function.toPopularity}">

						<BUTTON onClick="{function.toPopularity}" defaultImg="embed:/res/pri_6/favorite_off.png"
							layout="115,25,250,250" pressedImg="embed:/res/pri_6/favorite_on.png" />
						<LABEL fontColor="#ffffff" fontSize="64" layout="0,290,500,auto"
							text="人气折扣券" textAlign='center' />
					</WINDOW>

					<WINDOW layout="540,594,500,363" onClick="{function.toRecommend}">

						<BUTTON onClick="{function.toRecommend}" defaultImg="embed:/res/pri_6/recommend_off.png"
							layout="115,25,250,250" pressedImg="embed:/res/pri_6/recommend_on.png" />

						<LABEL fontColor="#ffffff" fontSize="64" layout="0,290,500,auto"
							text="推荐折扣券" textAlign='center' />
					</WINDOW>

					<LABEL fontColor="#ffffff" fontSize="72" layout="0,990,1080,80"
						text="本周的人气折扣券" textAlign="center" />

					<WINDOW align="linear:vertical" layout="40,1075,1000,770">

						<IMAGE defaultImg="embed:/res/pri_6/gray_box_arrow_1.png"
							layout="1000,270" />

						<IMAGE defaultImg="embed:/res/pri_6/gray_box_2.png" layout="1000,250" />

						<IMAGE defaultImg="embed:/res/pri_6/gray_box_2.png" layout="1000,250" />
					</WINDOW>

					<WINDOW align="linear:vertical" layout="40,1975,1000,900">

						<IMAGE defaultImg="embed:/res/pri_6/gray_box_arrow_1.png"
							layout="1000,270" />

						<IMAGE defaultImg="embed:/res/pri_6/gray_box_2.png" layout="1000,250" />

						<IMAGE defaultImg="embed:/res/pri_6/gray_box_2.png" layout="1000,250" />
					</WINDOW>

					<WINDOW id="c1" layout="40,1075,1000,250" onClick="{function.toInfo(c1)}">
						<IMAGE id="img" layout="30,40,195,172" defaultImg="#ffffff" />
						<LABEL id="title" fontColor="#ffffff" fontSize="72"
							layout="245,40,auto,auto" text="NULL" />
						<LABEL id="display_name" fontColor="#ffffff" fontSize="48"
							layout="245,100,auto,auto" text="" />
						<LABEL id="business_name" fontColor="#ffffff" fontSize="36"
							layout="245,190,auto,auto" text="" />
						<LABEL id="catchprice" fontColor="#ffffff" fontSize="72"
							layout="315,183,655,auto" text="" textAlign="right" />
						<IMAGE layout="670,30,300,130" defaultImg="#ffffff" />

						<LABEL id="discount" fontColor="#ff0000" fontSize="36"
							layout="760,45,auto,auto" text="% 할인" />
						<LABEL id="downloaded" fontColor="#000000" fontSize="24"
							layout="850,110,auto,auto" text="0" />
						<LABEL id="couponId" layout="0,0,0,0" text="" />
					</WINDOW>

					<WINDOW id="c2" layout="40,1325,1000,250" onClick="{function.toInfo(c2)}">
						<IMAGE id="img" layout="30,40,195,172" defaultImg="#ffffff" />
						<LABEL id="title" fontColor="#ffffff" fontSize="72"
							layout="245,40,auto,auto" text="NULL" />
						<LABEL id="display_name" fontColor="#ffffff" fontSize="48"
							layout="245,100,auto,auto" text="" />
						<LABEL id="business_name" fontColor="#ffffff" fontSize="36"
							layout="245,190,auto,auto" text="" />
						<LABEL id="catchprice" fontColor="#ffffff" fontSize="72"
							layout="315,183,655,auto" text="" textAlign="right" />
						<IMAGE layout="670,30,300,130" defaultImg="#ffffff" />

						<LABEL id="discount" fontColor="#ff0000" fontSize="36"
							layout="760,45,auto,auto" text="% 할인" />
						<LABEL id="downloaded" fontColor="#000000" fontSize="24"
							layout="850,110,auto,auto" text="0" />
						<LABEL id="couponId" layout="0,0,0,0" text="" />
					</WINDOW>

					<WINDOW id="c3" layout="40,1605,1000,250" onClick="{function.toInfo(c3)}">
						<IMAGE id="img" layout="30,40,195,172" defaultImg="#ffffff" />
						<LABEL id="title" fontColor="#ffffff" fontSize="72"
							layout="245,40,auto,auto" text="NULL" />
						<LABEL id="display_name" fontColor="#ffffff" fontSize="48"
							layout="245,100,auto,auto" text="" />
						<LABEL id="business_name" fontColor="#ffffff" fontSize="36"
							layout="245,190,auto,auto" text="" />
						<LABEL id="catchprice" fontColor="#ffffff" fontSize="72"
							layout="315,183,655,auto" text="" textAlign="right" />
						<IMAGE layout="670,30,300,130" defaultImg="#ffffff" />

						<LABEL id="discount" fontColor="#ff0000" fontSize="36"
							layout="760,45,auto,auto" text="% 할인" />
						<LABEL id="downloaded" fontColor="#000000" fontSize="24"
							layout="850,110,auto,auto" text="0" />
						<LABEL id="couponId" layout="0,0,0,0" text="" />
					</WINDOW>

					<WINDOW id="c4" layout="40,1975,1000,250" onClick="{function.toInfo(c4)}">
						<IMAGE id="img" layout="30,40,195,172" defaultImg="#ffffff" />
						<LABEL id="title" fontColor="#ffffff" fontSize="72"
							layout="245,40,auto,auto" text="NULL" />
						<LABEL id="display_name" fontColor="#ffffff" fontSize="48"
							layout="245,100,auto,auto" text="" />
						<LABEL id="business_name" fontColor="#ffffff" fontSize="36"
							layout="245,190,auto,auto" text="" />
						<LABEL id="catchprice" fontColor="#ffffff" fontSize="72"
							layout="315,183,655,auto" text="" textAlign="right" />
						<IMAGE layout="670,30,300,130" defaultImg="#ffffff" />

						<LABEL id="discount" fontColor="#ff0000" fontSize="36"
							layout="760,45,auto,auto" text="% 할인" />
						<LABEL id="downloaded" fontColor="#000000" fontSize="24"
							layout="850,110,auto,auto" text="0" />
						<LABEL id="couponId" layout="0,0,0,0" text="" />
					</WINDOW>

					<WINDOW id="c5" layout="40,2225,1000,250" onClick="{function.toInfo(c5)}">
						<IMAGE id="img" layout="30,40,195,172" defaultImg="#ffffff" />
						<LABEL id="title" fontColor="#ffffff" fontSize="72"
							layout="245,40,auto,auto" text="NULL" />
						<LABEL id="display_name" fontColor="#ffffff" fontSize="48"
							layout="245,100,auto,auto" text="" />
						<LABEL id="business_name" fontColor="#ffffff" fontSize="36"
							layout="245,190,auto,auto" text="" />
						<LABEL id="catchprice" fontColor="#ffffff" fontSize="72"
							layout="315,183,655,auto" text="" textAlign="right" />
						<IMAGE layout="670,30,300,130" defaultImg="#ffffff" />

						<LABEL id="discount" fontColor="#ff0000" fontSize="36"
							layout="760,45,auto,auto" text="% 할인" />
						<LABEL id="downloaded" fontColor="#000000" fontSize="24"
							layout="850,110,auto,auto" text="0" />
						<LABEL id="couponId" layout="0,0,0,0" text="" />
					</WINDOW>

					<WINDOW id="c6" layout="40,2475,1000,250" onClick="{function.toInfo(c6)}">
						<IMAGE id="img" layout="30,40,195,172" defaultImg="#ffffff" />
						<LABEL id="title" fontColor="#ffffff" fontSize="72"
							layout="245,40,auto,auto" text="NULL" />
						<LABEL id="display_name" fontColor="#ffffff" fontSize="48"
							layout="245,100,auto,auto" text="" />
						<LABEL id="business_name" fontColor="#ffffff" fontSize="36"
							layout="245,190,auto,auto" text="" />
						<LABEL id="catchprice" fontColor="#ffffff" fontSize="72"
							layout="315,183,655,auto" text="" textAlign="right" />
						<IMAGE layout="670,30,300,130" defaultImg="#ffffff" />

						<LABEL id="discount" fontColor="#ff0000" fontSize="36"
							layout="760,45,auto,auto" text="% 할인" />
						<LABEL id="downloaded" fontColor="#000000" fontSize="24"
							layout="850,110,auto,auto" text="0" />
						<LABEL id="couponId" layout="0,0,0,0" text="" />
					</WINDOW>

					<LABEL fontColor="#ffffff" fontSize="72" layout="0,1890,1080,80"
						text="本周的人气折扣券" textAlign="center" />


				</WINDOW>

				<WINDOW defaultImg="#ff0000" layout="0,0,1080,120">

					<LABEL fontColor="#ffffff" fontSize="72" layout="0,0,1080,120"
						text="折扣券搜索" textAlign="center" />

					<BUTTON defaultImg="embed:/res/pri/home_button.png" layout="25,15,220,90" />

					<BUTTON defaultImg="embed:/res/pri/red_position_off.png"
						layout="815,10,100,100" onClick="{function.toLocation}"
						prossedImg="embed:/res/pri/red_position_on.png" />

					<BUTTON defaultImg="embed:/res/pri/red_search_off.png"
						layout="940,10,100,100" onClick="{function.toSerch}" prossedImg="embed:/res/pri/red_search_on.png" />
				</WINDOW>

				<WINDOW align="linear:horizontal" defaultImg="#ffffff"
					layout="0,1750,1080,170">

					<BUTTON defaultImg="embed:/res/pri/gray_search_off.png"
						layout="270,170" onClick="{function.toSerch}" pressedImg="embed:/res/pri/gray_search_on.png" />

					<BUTTON defaultImg="embed:/res/pri/gray_coupon_off.png"
						layout="270,170" pressedImg="embed:/res/pri/gray_coupon_on.png"
						onClick="{function.toUseable}" />

					<BUTTON defaultImg="embed:/res/pri/gray_treasure_off.png"
						layout="270,170" pressedImg="embed:/res/pri/gray_treasure_on.png"
						onClick="{function.toTreasure}" />

					<BUTTON pressedImg="embed:/res/pri/gray_set_on.png"
						defaultImg="embed:/res/pri/gray_set_off.png" layout="270,170"
						onClick="{function.toSetting}" />
				</WINDOW>
			</WINDOW>
		</UILAYOUT>
	</UI>

</MOML>