<?xml version="1.0" encoding="UTF-8"?>
<MOML>

    <FUNCTIONLIST>

        <FUNCTION id="toHome" >

            <FUNCTIONITEM cmd="action:go(&apos;root.navigation&apos;,&apos;SerchMain&apos;)" />

            <FUNCTION id="toSerch" >

                <FUNCTIONITEM cmd="action:go(&apos;root.navigation&apos;,&apos;SerchDetail&apos;)" />
            </FUNCTION>

            <FUNCTION id="toLocation" >

                <FUNCTIONITEM cmd="action:go(&apos;root.navigation&apos;,&apos;SerchLocation&apos;)" />
            </FUNCTION>
        </FUNCTION>
    </FUNCTIONLIST>

    <UI>

        <UILAYOUT
            landscape="1080,1920"
            portrait="1080,1920" >

            <WINDOW
                align="relative"
                defaultImg="embed:/res/pri_27/bg.png"
                layout="0,0,1080,1920" >

                <IMAGE
                    defaultImg="embed:/res/pri_27/gray_box_1.png"
                    layout="40,250,1000,450" />

                <WINDOW layout="40,250,500,450" >

                    <BUTTON
                        defaultImg="embed:/res/pri_27/position_button_off.png"
                        layout="97,25,306,306"
                        pressedImg="embed:/res/pri_27/position_button_on.png" />

                    <LABEL
                        fontColor="#ffffff"
                        fontSize="96"
                        layout="97,290,auto,auto"
                        text="当前位置" />
                </WINDOW>

                <WINDOW layout="540,250,500,450" >

                    <BUTTON
                        defaultImg="embed:/res/pri_27/map_button_off.png"
                        layout="97,25,306,306"
                        pressedImg="embed:/res/pri_27/map_button_on.png" />

                    <LABEL
                        fontColor="#ffffff"
                        fontSize="96"
                        layout="97,290,auto,auto"
                        text="在地图设置" />
                </WINDOW>

                <IMAGE
                    defaultImg="embed:/res/pri_27/line.png"
                    layout="45,763,990,4" />

                <WINDOW
                    align="linear:vertical"
                    layout="0,824,1080,auto" >

                    <IMAGE
                        align="relative"
                        defaultImg="embed:/res/pri_27/gray_bar.png"
                        layout="1080,151" >

                        <LABEL
                            fontColor="#ffffff"
                            fontSize="72"
                            layout="70,0,auto,151"
                            text="按位置搜索"
                            textAlign="center" />
                    </IMAGE>

                    <IMAGE
                        align="relative"
                        defaultImg="embed:/res/pri_27/gray_bar.png"
                        layout="1080,151" >

                        <LABEL
                            fontColor="#ffffff"
                            fontSize="72"
                            layout="70,0,auto,151"
                            text="仁川市"
                            textAlign="center" />
                    </IMAGE>

                    <IMAGE
                        align="relative"
                        defaultImg="embed:/res/pri_27/gray_bar.png"
                        layout="1080,151" >

                        <LABEL
                            fontColor="#ffffff"
                            fontSize="72"
                            layout="70,0,auto,151"
                            text="济州岛"
                            textAlign="center" />
                    </IMAGE>

                    <IMAGE
                        align="relative"
                        defaultImg="embed:/res/pri_27/gray_bar.png"
                        layout="1080,151" >

                        <LABEL
                            fontColor="#ffffff"
                            fontSize="72"
                            layout="70,0,auto,151"
                            text="釜山市"
                            textAlign="center" />
                    </IMAGE>

                    <IMAGE
                        align="relative"
                        defaultImg="embed:/res/pri_27/gray_bar.png"
                        layout="1080,151" >

                        <LABEL
                            fontColor="#ffffff"
                            fontSize="72"
                            layout="70,0,auto,151"
                            text=""
                            textAlign="center" />
                    </IMAGE>

                    <IMAGE
                        align="relative"
                        defaultImg="embed:/res/pri_27/gray_bar.png"
                        layout="1080,151" >

                        <LABEL
                            fontColor="#ffffff"
                            fontSize="72"
                            layout="70,0,auto,151"
                            text=""
                            textAlign="center" />
                    </IMAGE>
                </WINDOW>

                <WINDOW
                    defaultImg="#ff0000"
                    layout="0,0,1080,120" >

                    <LABEL
                        fontColor="#ffffff"
                        fontSize="72"
                        layout="0,0,1080,120"
                        text="按位置搜索"
                        textAlign="center" />

                    <BUTTON
                        defaultImg="embed:/res/pri/home_button.png"
                        layout="25,15,220,90"
                        onClick="{function.toHome}" />

                    <BUTTON
                        defaultImg="embed:/res/pri/red_position_off.png"
                        layout="815,10,100,100"
                        prossedImg="embed:/res/pri/red_position_on.png"
                        onClick="{function.toLocation}" />

                    <BUTTON
                        defaultImg="embed:/res/pri/red_search_off.png"
                        layout="940,10,100,100"
                        onClick="{function.toSerch}"
                        prossedImg="embed:/res/pri/red_search_on.png" />
                </WINDOW>
            </WINDOW>
        </UILAYOUT>
    </UI>

</MOML>