<?xml version="1.0" encoding="UTF-8"?>
<MOML>

	<FUNCTIONLIST>

		<FUNCTION id="init">
			<CMD
				cmd="function.setCoupon(c1,json.toXml(file.read('http://www.tourcoupon.net/api/coupon?access_token=539c27034e34e8.10138749&amp;limit=1&amp;start=1')))" />
			<CMD
				cmd="function.setCoupon(c2,json.toXml(file.read('http://www.tourcoupon.net/api/coupon?access_token=539c27034e34e8.10138749&amp;limit=1&amp;start=2')))" />
			<CMD
				cmd="function.setCoupon(c3,json.toXml(file.read('http://www.tourcoupon.net/api/coupon?access_token=539c27034e34e8.10138749&amp;limit=1&amp;start=3')))" />
			<CMD
				cmd="function.setCoupon(c4,json.toXml(file.read('http://www.tourcoupon.net/api/coupon?access_token=539c27034e34e8.10138749&amp;limit=1&amp;start=4')))" />
			<CMD
				cmd="function.setCoupon(c5,json.toXml(file.read('http://www.tourcoupon.net/api/coupon?access_token=539c27034e34e8.10138749&amp;limit=1&amp;start=5')))" />
			<CMD
				cmd="function.setCoupon(c6,json.toXml(file.read('http://www.tourcoupon.net/api/coupon?access_token=539c27034e34e8.10138749&amp;limit=1&amp;start=6')))" />
				
				<CMD
				cmd="function.setCoupon(c7,json.toXml(file.read('http://www.tourcoupon.net/api/coupon?access_token=539c27034e34e8.10138749&amp;limit=1&amp;start=7')))" />
			<CMD
				cmd="function.setCoupon(c8,json.toXml(file.read('http://www.tourcoupon.net/api/coupon?access_token=539c27034e34e8.10138749&amp;limit=1&amp;start=8')))" />
			<CMD
				cmd="function.setCoupon(c9,json.toXml(file.read('http://www.tourcoupon.net/api/coupon?access_token=539c27034e34e8.10138749&amp;limit=1&amp;start=9')))" />

		</FUNCTION>

		<FUNCTION id="setCoupon(setId,cXml)">
			<CMD cmd="device.log(setId)" />
			<CMD cmd="company_name=xpath.evaluateEx(cXml,'/DATA/data/company_name/text()')" />
			<CMD cmd="discount=xpath.evaluateEx(cXml,'/DATA/data/discount/text()')" />
			<CMD cmd="downloaded=xpath.evaluateEx(cXml,'/DATA/data/downloaded/text()')" />
			<CMD cmd="couponImg=xpath.evaluateEx(cXml,'/DATA/data/thumbnail/text()')" />
			<CMD cmd="device.log(cXml)" />
			<CMD cmd="setId.company_name.text=company_name" />
			<CMD cmd="setId.discount.text=discount" />
			<CMD cmd="setId.downloaded.text=downloaded" />
			<CMD cmd="setId.img.defaultImg='http://tourcoupon.net/api/imgs/thumb/'+couponImg+'?w=195&amp;h=172&amp;t=1'" />
		</FUNCTION>

		<FUNCTION id="toHome">

			<FUNCTIONITEM
				cmd="action:go(&apos;root.navigation&apos;,&apos;SerchMain&apos;)" />

			<FUNCTION id="toSerch">

				<FUNCTIONITEM
					cmd="action:go(&apos;root.navigation&apos;,&apos;SerchDetail&apos;)" />
			</FUNCTION>

			<FUNCTION id="toLocation">

				<FUNCTIONITEM
					cmd="action:go(&apos;root.navigation&apos;,&apos;SerchLocation&apos;)" />
			</FUNCTION>
		</FUNCTION>
	</FUNCTIONLIST>

	<CMD cmd="{function.init}" />

	<UI>

		<UILAYOUT landscape="1080,1920" portrait="1080,1920">

			<WINDOW align="relative" defaultImg="embed:/res/pri_28/bg.png"
				layout="0,0,1080,1920">

				<IMAGE defaultImg="embed:/res/pri_28/gray_box.png" layout="40,237,1000,140">
					<LABEL fontColor="#ffffff" fontSize="72" layout="0,0,1000,140"
						text="推荐折扣券" textAlign="center" />
				</IMAGE>

				<IMAGE defaultImg="embed:/res/pri_28/list_box.png" layout="40,430,300,450" />

				<IMAGE defaultImg="embed:/res/pri_28/list_off.png" layout="390,430,300,450" />

				<IMAGE defaultImg="embed:/res/pri_28/list_off.png" layout="740,430,300,450" />

				<IMAGE defaultImg="embed:/res/pri_28/list_off.png" layout="40,930,300,450" />

				<IMAGE defaultImg="embed:/res/pri_28/list_off.png" layout="390,930,300,450" />

				<IMAGE defaultImg="embed:/res/pri_28/list_off.png" layout="740,930,300,450" />

				<IMAGE defaultImg="embed:/res/pri_28/list_off.png" layout="40,1430,300,450" />

				<IMAGE defaultImg="embed:/res/pri_28/list_off.png" layout="390,1430,300,450" />

				<IMAGE defaultImg="embed:/res/pri_28/list_off.png" layout="740,1430,300,450" />

				<WINDOW id="c1" layout="40,430,300,450">
					<IMAGE id="img" layout="0,0,300,300" />
					<LABEL id="company_name" layout="0,320,300,auto" textAlign="center"
						fontSize="72" />
					<LABEL id="discount" layout="0,390,190,auto" textAlign="center"
						fontSize="32" />
					<LABEL id="downloaded" layout="190,390,110,auto" textAlign="center"
						fontSize="28" />

				</WINDOW>
				
				<WINDOW id="c2" layout="390,430,300,450">
					<IMAGE id="img" layout="0,0,300,300" />
					<LABEL id="company_name" layout="0,320,300,auto" textAlign="center"
						fontSize="72" />
					<LABEL id="discount" layout="0,390,190,auto" textAlign="center"
						fontSize="32" />
					<LABEL id="downloaded" layout="190,390,110,auto" textAlign="center"
						fontSize="28" />

				</WINDOW>
				
				<WINDOW id="c3" layout="740,430,300,450">
					<IMAGE id="img" layout="0,0,300,300" />
					<LABEL id="company_name" layout="0,320,300,auto" textAlign="center"
						fontSize="72" />
					<LABEL id="discount" layout="0,390,190,auto" textAlign="center"
						fontSize="32" />
					<LABEL id="downloaded" layout="190,390,110,auto" textAlign="center"
						fontSize="28" />

				</WINDOW>
				
				<WINDOW id="c4" layout="40,930,300,450">
					<IMAGE id="img" layout="0,0,300,300" />
					<LABEL id="company_name" layout="0,320,300,auto" textAlign="center"
						fontSize="72" />
					<LABEL id="discount" layout="0,390,190,auto" textAlign="center"
						fontSize="32" />
					<LABEL id="downloaded" layout="190,390,110,auto" textAlign="center"
						fontSize="28" />

				</WINDOW>
				
				<WINDOW id="c5" layout="390,930,300,450">
					<IMAGE id="img" layout="0,0,300,300" />
					<LABEL id="company_name" layout="0,320,300,auto" textAlign="center"
						fontSize="72" />
					<LABEL id="discount" layout="0,390,190,auto" textAlign="center"
						fontSize="32" />
					<LABEL id="downloaded" layout="190,390,110,auto" textAlign="center"
						fontSize="28" />

				</WINDOW>
				
				<WINDOW id="c6" layout="740,930,300,450">
					<IMAGE id="img" layout="0,0,300,300" />
					<LABEL id="company_name" layout="0,320,300,auto" textAlign="center"
						fontSize="72" />
					<LABEL id="discount" layout="0,390,190,auto" textAlign="center"
						fontSize="32" />
					<LABEL id="downloaded" layout="190,390,110,auto" textAlign="center"
						fontSize="28" />

				</WINDOW>
				
				<WINDOW id="c7" layout="40,1430,300,450">
					<IMAGE id="img" layout="0,0,300,300" />
					<LABEL id="company_name" layout="0,320,300,auto" textAlign="center"
						fontSize="72" />
					<LABEL id="discount" layout="0,390,190,auto" textAlign="center"
						fontSize="32" />
					<LABEL id="downloaded" layout="190,390,110,auto" textAlign="center"
						fontSize="28" />

				</WINDOW>
				
				<WINDOW id="c8" layout="390,1430,300,450">
					<IMAGE id="img" layout="0,0,300,300" />
					<LABEL id="company_name" layout="0,320,300,auto" textAlign="center"
						fontSize="72" />
					<LABEL id="discount" layout="0,390,190,auto" textAlign="center"
						fontSize="32" />
					<LABEL id="downloaded" layout="190,390,110,auto" textAlign="center"
						fontSize="28" />

				</WINDOW>
				
				<WINDOW id="c9" layout="740,1430,300,450">
					<IMAGE id="img" layout="0,0,300,300" />
					<LABEL id="company_name" layout="0,320,300,auto" textAlign="center"
						fontSize="72" />
					<LABEL id="discount" layout="0,390,190,auto" textAlign="center"
						fontSize="32" />
					<LABEL id="downloaded" layout="190,390,110,auto" textAlign="center"
						fontSize="28" />

				</WINDOW>

				<WINDOW defaultImg="#ff0000" layout="0,0,1080,120">

					<LABEL fontColor="#ffffff" fontSize="72" layout="0,0,1080,120"
						text="推荐折扣券" textAlign="center" />

					<BUTTON defaultImg="embed:/res/pri/home_button.png" layout="25,15,220,90"
						onClick="{function.toHome}" />

					<BUTTON defaultImg="embed:/res/pri/red_position_off.png"
						layout="815,10,100,100" prossedImg="embed:/res/pri/red_position_on.png"
						onClick="{function.toLocation}" />

					<BUTTON defaultImg="embed:/res/pri/red_search_off.png"
						layout="940,10,100,100" onClick="{function.toSerch}" prossedImg="embed:/res/pri/red_search_on.png" />
				</WINDOW>
			</WINDOW>
		</UILAYOUT>
	</UI>

</MOML>